Title,DOI,Release_Date,Authors,R0_value,Median_R0
Reconciling early-outbreak preliminary estimates of the basic reproductive number and its uncertainty: a new framework and applications to the novel coronavirus (2019-nCoV) outbreak,10.1101/2020.01.30.20019877,2/2/2020,"['Princeton University', 'McMaster University', 'University of Western Ontario', 'Georgia Institute of Technology']","2.5, 2.5, 2.92, 3.8, 2.2, 5.47, 2.55",2.55
Real time estimation of the risk of death from novel coronavirus (2019-nCoV) infection: Inference using exported cases,10.1101/2020.01.29.20019547,2/2/2020,['Hokkaido University'],"2.1, 3.2, 2.9",2.9
Forecasting the Wuhan coronavirus (2019-nCoV) epidemics using a simple (simplistic) model,10.1101/2020.02.04.20020461,2/5/2020,['University of California Berkeley'],2.45,2.45
Risk assessment of novel coronavirus 2019-nCoVoutbreaks outside China,10.1101/2020.02.04.20020503,2/5/2020,['University of Szeged'],"2.6, 2.2, 2.9, 2.56, 3.11, 2.5, 2.2, 2.6, 4.71, 2.08, 2.68",2.6
Incorporating Human Movement Data to Improve Epidemiological Estimates for 2019-nCoV,10.1101/2020.02.07.20021071,2/9/2020,"['Institute of Automation, Chinese Academy of Sciences', 'City University of Hong Kong', 'National University of Defense Technology', 'Chinese Academy of Sciences', 'Chinese PLA Center for Disease Control and Prevention', 'Institute of Geographical Sciences and Natural Resources Research, Chinese Academy of Sciences', 'Peking University']",3.24,3.24
Feasibility of controlling 2019-nCoV outbreaks by isolation of cases and contacts,10.1101/2020.02.08.20021162,2/11/2020,"['LSHTM', 'London School of Hygiene & Tropical Medicine']","1.5, 2.5, 3.5",2.5
The effect of travel restrictions on the spread of the 2019 novel coronavirus (2019-nCoV) outbreak,10.1101/2020.02.09.20021261,2/11/2020,"['Laboratory for the Modeling of Biological and Socio-technical Systems, Northeastern University, Boston, MA, USA', 'Bruno Kessler Foundation, Trento, Italy', 'ISI Foundation, Turin, Italy', 'Fogarty International Center, NIH, USA', 'School of Public Health, Fudan University, Key Laboratory of Public Health Safety, Ministry of Education, Shanghai, China', 'Fred Hutchinson Cancer Research Center, Seattle, WA, USA; Department of Biostatistics, University of Washington, Seattle, WA', 'Department of Biostatistics, College of Public Health and Health Professions, University of Florida, Gainesville, USA', 'Laboratory for the Modeling of Biological and Socio-technical Systems, Northeastern University, Boston, MA, USA; ISI Foundation, Turin, Italy']",2.4,2.4
The lockdown of Hubei Province causing different transmission dynamics of the novel coronavirus (2019-nCoV) in Wuhan and Beijing,10.1101/2020.02.09.20021477,2/11/2020,"['Institute of Zoology, Chinese Academy of Sciences', 'Lanzhou University']","2.8, 2.68, 2.24, 3.58, 2.90, 2.92, 6.47",2.9
"The Novel Coronavirus, 2019-nCoV, is Highly Contagious and More Infectious Than Initially Estimated",10.1101/2020.02.07.20021154,2/11/2020,['Los Alamos National Laboratory'],2.45,2.45
Simulating the infected population and spread trend of 2019-nCov under different policy by EIR model,10.1101/2020.02.10.20021519,2/12/2020,['Hainan University'],2.7,2.7
Impact of seasonal forcing on a potential SARS-CoV-2 pandemic,10.1101/2020.02.11.20022186,2/13/2020,"['Department of Microbiology, Medical School, University of Athens', 'Consiglio Nazionale delle Ricerche, Science and Technology for Energy and Sustainable Mobility', 'University of Naples Federico II']","4.6, 3.2, 2.6, 2.0",2.9
Substantial undocumented infection facilitates the rapid dissemination of novel coronavirus (COVID-19),10.1101/2020.02.14.20023127,2/17/2020,"['Imperial College London', 'Columbia University', 'University of California, Davis', 'The University of Hong Kong', 'Tsinghua University']",2.23,2.23
Study on SARS-COV-2 transmission and the effects of control measures in China,10.1101/2020.02.16.20023770,2/18/2020,"['School of Environment and Natural Resources, Renmin University of China', 'Southeast University', 'Beijing Key Laboratory of Megaregions Sustainable Development Modeling, Capital University of Economics and Business']","3.6, 2.2",2.9
The reproductive number R0 of COVID-19 Based on estimate of a statistical time delay dynamical system,10.1101/2020.02.17.20023747,2/20/2020,"['School of Mathematical Sciences, Fudan University', 'School of Mathematical Sciences and SKLCAM, Fudan University', 'Fudan University']",3.325,3.325
Tracking and Predicting COVID-19 Epidemic in China Mainland,10.1101/2020.02.17.20024257,2/20/2020,"['Peking University', 'Iowa State Univeristy', 'Sichuan University', 'Guanghua School of Management and Center for Statistical Science, Peking University']","0.87, 1.31, 1.74",1.31
Effective containment explains sub-exponential growth in confirmed cases of recent COVID-19 outbreak in Mainland China,10.1101/2020.02.18.20024414,2/20/2020,"['Robert Koch Institute', 'Robert Koch Institute & Institute for Theoretical Biology, Humboldt University of Berlin']","3.28, 1.93, 3.02, 2.41, 3.10, 3.28, 1.70, 3.46, 1.75, 1.36",2.715
Effectiveness of intervention strategies for Coronavirus Disease 2019 and an estimation of its peak time,10.1101/2020.02.19.20025387,2/23/2020,"['Fudan University', 'University of Waterloo']","5.75, 6.22",5.985
Characterizing the transmission and identifying the control strategy for COVID-19 through epidemiological modeling,10.1101/2020.02.24.20026773,2/25/2020,"['TEXAS A&M UNIVERSITY HEALTH SCIENCE CTR', 'Texas A&M University', 'Huazhong University of Science and Technology']",5.5,5.5
Epidemiological Development of Novel Coronavirus Pneumonia in China and Its Forecast,10.1101/2020.02.21.20026229,2/26/2020,"['Research Institute of Population and Family Planning', 'Henan university']",6.27,6.27
"Highland of COVID-19 outside Hubei: epidemic characteristics, control and projections of Wenzhou, China",10.1101/2020.02.25.20024398,2/29/2020,['Wenzhou Medical University'],"2.91, 2.53, 5.95, 3.35",3.13
Infection Dynamics of Coronavirus Disease 2019 (Covid-19)Modeled with the Integration of the Eyring Rate ProcessTheory and Free Volume Concept,10.1101/2020.02.26.20028571,2/29/2020,['Pharmavite'],"1.5, 3.5",2.5
Relations of parameters for describing the epidemic of COVID-19 by the Kermack-McKendrick model,10.1101/2020.02.26.20027797,3/3/2020,['Changchun University of Science and Technology'],1.92,1.92
The impact of social distancing and epicenter lockdown on the COVID-19 epidemic in mainland China: A data-driven SEIQR model study,10.1101/2020.03.04.20031187,3/6/2020,"['The First Affiliated Hospital of Soochow University', 'Soochow University']","2.2, 2.52",2.36
"Epidemiologic Characteristics of COVID-19 in Guizhou, China",10.1101/2020.03.01.20028944,3/6/2020,['Guizhou Center for Disease Control and Prevention'],1.09,1.09
Preliminary estimating the reproduction number of the coronavirus disease (COVID-19) outbreak in Republic of Korea from 31 January to 1 March 2020,10.1101/2020.03.02.20030312,3/6/2020,"['Hong Kong Polytechnic University', 'Chinese University of Hong Kong', 'University of Michigan', 'Southern Medical University', 'The Hong Kong Polytechnic University', 'Chengdu University of Traditional Chinese Medicine, Chengdu, China', 'College of Medical Information Engineering, Chengdu University of Traditional Chinese Medicine, Chengdu, China']","2.6, 3.2, 2.6, 3.3",2.9
Evaluating the secondary transmission pattern and epidemic prediction of the COVID-19 in metropolitan areas of China,10.1101/2020.03.06.20032177,3/8/2020,"['Peking Union Medical College Hospital', 'Digital China Health Technologies Co. Ltd., Beijing, China', 'Digital China Health Technologies Co. Ltd.', 'Institute of Basic Medicine Sciences, Peking Union Medical College & Chinese Academy of Medical Sciences']","2.91, 2.78, 2.02, 1.75",2.4
A deterministic epidemic model for the emergence of COVID-19 in China,10.1101/2020.03.08.20032854,3/10/2020,['Shandong University'],2.82,2.82
Transmission potential of COVID-19 in Iran,10.1101/2020.03.08.20030643,3/10/2020,"['Georgia Southern University Jiann-Ping Hsu College of Public Health', 'Brain Tumor Unit, The Translational Genomics Research Institute', 'Georgia State University School of Public Health']","4.4, 3.5",3.95
Genomic epidemiology of a densely sampled COVID19 outbreak in China,10.1101/2020.03.09.20033365,3/13/2020,"['Imperial College London', 'Department of Microbiology, Weifang Center for Disease Control and Prevention, Weifang 261061, China.', ""Department of Respiratory Medicine, Weifang People's Hospital, Weifang 261061, China."", 'Immunology Innovation Team, School of Medicine, Ningbo University, Ningbo 315211, China.', 'Shenzhen Key Laboratory of Unknown Pathogen Identification, BGI-Shenzhen, Shenzhen 518083, China.', 'Hubei Engineering Research Center of Viral Vector, Wuhan University of Bioengineering, Wuhan, 430415, China.']",2.6,2.6
Effectiveness of isolation and contact tracing for containment and slowing down a COVID-19 epidemic: a modelling study,10.1101/2020.03.10.20033738,3/13/2020,"['University Medical Center Utrecht, Utrecht University']",2.5,2.5
Modelling the epidemic 2019-nCoV event in Italy: a preliminary note,10.1101/2020.03.14.20034884,3/17/2020,"['Physics Department - Trento University', 'Clinica Geriatrica, Azienda Ospedaliero-Universitaria\\\\Piazzale Gambuli 1, 06132, Perugia, Italy.', 'Clinica Malattie Infettive, Azienda Ospedaliero-Universitaria\\\\Piazzale Gambuli 1, 06132, Perugia, Italy']",3.4,3.4
A Cybernetics-based Dynamic Infection Model for Analyzing SARS-COV-2 Infection Stability and Predicting Uncontrollable Risks,10.1101/2020.03.13.20034082,3/17/2020,"['School of Mechanical Engineering and Automation, Beihang University']",2.5,2.5
PREDICTING THE EVOLUTION OF COVID-19 IN PORTUGAL USING AN ADAPTED SIR MODEL PREVIOUSLY USED IN SOUTH KOREA FOR THE MERS OUTBREAK,10.1101/2020.03.18.20038612,3/20/2020,['Faculdade de Ciencias da Universidade do Porto'],14.5,14.5
"Extended SIR prediction of the epidemics trend of COVID-19 in Italy and compared with Hunan, China",10.1101/2020.03.18.20038570,3/20/2020,"['Chinese PLA General Hospital', 'Shanshan Yang']","3.15, 4.10",3.625
Investigating the Impact of Asymptomatic Carriers on COVID-19 Transmission,10.1101/2020.03.18.20037994,3/20/2020,"['Saint Leo University', ""Brigham and Women's Hospital Department of Emergency Medicine"", 'University of Massachusetts Medical School-Baystate', 'University of Texas in San Antonio']",12.11,12.11
Assessing the Global Tendency of COVID-19 Outbreak,10.1101/2020.03.18.20038224,3/20/2020,"['Southeast University, China', 'Erasmus University Rotterdam, Rotterdam, the Netherlands', 'Southeast University, School of Information Science and Engineering', 'Southeast University']",2.76,2.76
Modelling the epidemiological trend and behavior of COVID-19 in Italy,10.1101/2020.03.19.20038968,3/23/2020,"['Mensana srls', 'United Arab Emirates University']","3.91, 2.22, 2.52",2.52
Trend analysis of the COVID-19 pandemic in China and the rest of the world,10.1101/2020.03.19.20037192,3/23/2020,"['Instituto de Fisica, Universidade Federal do Rio Grande do Sul, Porto Alegre, RS, Brazil', 'URPP Social Networks, University of Zurich, Andreasstrasse 15, CH-8050 Zurich, Switzerland']","1.12, 6.46, 2.85",2.85
Covid-19 health care demand and mortality in Sweden in response to non-pharmaceutical (NPIs) mitigation and suppression scenarios,10.1101/2020.03.20.20039594,3/23/2020,['Umea University'],3.625,3.625
Mechanistic-statistical SIR modelling for early estimation of the actual number of cases and mortality rate from COVID-19,10.1101/2020.03.22.20040915,3/24/2020,"['INRAE', 'Medicentre Moutier']","3.2, 4.8",4
Epidemiological parameters of coronavirus disease 2019: a pooled analysis of publicly reported individual data of 1155 cases from seven countries,10.1101/2020.03.21.20040329,3/24/2020,"['School of Public Health, Central South University', 'Peking University Shenzhen Hospital', 'School of Public Health, Peking University', 'Xiangya Hospital, Central South University', 'JC School of Public Health and Primary Care, the Chinese University of Hong Kong']","1.71, 1.78",1.745
"Predicting the number of reported and unreported cases for the COVID-19 epidemic in South Korea, Italy, France and Germany",10.1101/2020.03.21.20040154,3/24/2020,"['University of Bordeaux', 'Vanderbilt University']","3.97, 4.49, 4.30, 4.45, 4.21, 5.03",1.745
"Estimating the ascertainment rate of SARS-CoV-2 infection in Wuhan, China: implications for management of the global outbreak",10.1101/2020.03.24.20042218,3/26/2020,"['National Public Health Organization, Athens, Greece']","3.07, 5.33",4.2
Age-dependent effects in the transmission and control of COVID-19 epidemics,10.1101/2020.03.24.20043018,3/27/2020,"['London School of Hygiene and Tropical Medicine', '']",2.65,2.65
A Social Network Model of the COVID-19 Pandemic,10.1101/2020.03.23.20041798,3/27/2020,['Harvard University'],"3.86, 2.99, 2.39",2.99
Transmission dynamics of SARS-COV-2 in China: impact of public health interventions,10.1101/2020.03.24.20036285,3/27/2020,"['Department of Engineering Managment, College of Civil Engineering, Yango University, Fuzhou, Fujian, China', 'Fujian Province Key Laboratory of Environment and Health, School of Public Health, Fujian Medical University, Fuzhou, Fujian, China', 'Department of Health Inspection and Quarantine, School of Public Health, Fujian Medical University, Fuzhou, Fujian, China', 'Department of Hepatology, Mengchao Hepatobiliary Hospital of Fujian Medical University, Fuzhou, Fujian Province, China', 'Fujian Medical University']","3.38, 3.2",3.29
Scaling analysis of COVID-19 spreading based on Belgian hospitalization data,10.1101/2020.03.29.20046730,3/30/2020,"['KU Leuven', 'Indigo']","6.2, 1.36",3.78
Estimation of protection for COVID-19 in children from epidemiological information and estimate effect of policy in Japan,10.1101/2020.03.27.20045252,3/30/2020,"['Center for Medical Sciences, Ibaraki Prefectural University of Health Sciences, Ibaraki, Japan', 'National Institute of Infectious Diseases, Tokyo, Japan']",2.86,2.86
Forecasting the Worldwide Spread of COVID-19 based on Logistic Model and SEIR Model,10.1101/2020.03.26.20044289,3/30/2020,"['Peking Union Medical College Hospital', ""National Health Commission of the People's Republic of China"", 'Digital China Health Technologies Co. Ltd', 'Digital China Health Technologies Co. Ltd.', 'Peking Union Medical College', 'Peking union medical college hospital']","3.094 , 3.465, 3.663, 3.878, 3.269, 3.472, 3.864, 1.687",3.4685
In-host Modelling of COVID-19 Kinetics in Humans,10.1101/2020.03.26.20044487,3/30/2020,"['Frankfurt Institute for Advanced Studies', 'UNAM']","11.5, 6.6, 3.4, 11.3, 3.17, 1.7",5
Determination of daily reproduction numbers of SARS-CoV2 based on death cases suggests more rapid initial spread in Italy and the United States,10.1101/2020.03.28.20046094,3/31/2020,"['Institute of Clinical and Molecular Virology, University Hospital Erlangen, Friedrich-Alexander University Erlangen-Nuremberg FAU']",3.4,3.4
The SARS-CoV-2 epidemic outbreak: a review of plausible scenarios of containment and mitigation for Mexico,10.1101/2020.03.28.20046276,3/31/2020,"['Universidad de Sonora', 'Universidad Autonoma de San Luis Potosi', 'Universidad Nacional Autonoma de Mexico - Juriquilla']","2.7, 2.3",2.5
Covid-19 Outbreak Progression in Italian Regions: Approaching the Peak by March 29th,10.1101/2020.03.30.20043612,4/2/2020,"['CNR ISASI, Institute of Applied Sciences and Intelligence Systems, Lecce, Italy', 'Euro Mediterranean Scientific Biomedical Institute (ISBEM), Bruxelles, Belgium', 'Department of Environmental Science and Policy, University of Milan, Milan, Italy']","3.22, 4.23, 3.8, 4.8, 4.28, 3.56, 3.49, 3.6, 4.41, 3.98, 3.4, 3.99, 3.43, 3.77, 3.62, 2.62, 2.47, 3.56, 3.13, 3.48, 3.22",3.56
SEIR and Regression Model based COVID-19 outbreak predictions in India,10.1101/2020.04.01.20049825,4/3/2020,"['University of Delhi', 'The NorthCap University', 'TheNorthCap University', 'DRDO, Delhi']",2.02,2.02
Modeling the COVID-19 outbreaks and the effectiveness of the containment measures adopted across countries,10.1101/2020.04.02.20046375,4/4/2020,['KU Leuven'],"3.36, 2.68, 2.1",2.68
Inferring COVID-19 spreading rates and potential change points for case number forecasts,10.1101/2020.04.02.20050922,4/6/2020,"['Max Planck Institute for Dynamics and Self-Organization', 'Georg August University Goettingen']",3.4,3.4
Explaining the Bomb-Like Dynamics of COVID-19 with Modeling and the Implications for Policy,10.1101/2020.04.05.20054338,4/7/2020,"['Johns Hopkins University', 'Center for Disease Dynamics, Economics & Policy', 'Princeton University', 'Johns Hopkins University, Center for Disease Dynamics, Economics & Policy', '']","2.56, 3.23, 2.36, 9.22, 9.14, 8.06",5.645
Data-Driven Study of the the COVID-19 Pandemic via Age-Structured Modelling and Prediction of the Health System Failure in Brazil amid Diverse Intervention Strategies,10.1101/2020.04.03.20052498,4/8/2020,"['International Institute of Physics-UFRN/Federal University of Alagoas-UFAL', 'Hospital Santa Casa de Misericordia de Maceio', 'HIV/AIDS Testing and Counseling Center', 'Superior School of Health Science', 'International Institute of Physics - UFRN', 'International Institute of Physics and School of Science and Technology - UFRN']",3,3
"The basic reproduction number and prediction of the epidemic size of the novel coronavirus (COVID-19) in Shahroud, Iran",10.1101/2020.04.04.20052308,4/8/2020,"['Ophthalmic Epidemiology Research Center, Shahroud University of Medical Sciences, Shahroud, Iran', 'Department of Epidemiology, School of Public Health, Shahroud University of Medical Sciences, Shahroud, Iran', 'Center for Health Related Social and Behavioral Sciences Research, Shahroud University of Medical Sciences, Shahroud, Iran.', 'ASCEND Center for Biomedical Research, Morgan State University, Baltimore, USA']",2.7,2.7
Purely data-driven exploration of COVID-19 pandemic after three months of the outbreak,10.1101/2020.04.08.20057638,4/10/2020,['Suleyman Demirel University'],"2.36, 2.67, 4.20, 8.47, 35.74",4.2
COVID-19 UK Lockdown Forecasts and R0,10.1101/2020.04.07.20052340,4/10/2020,['independent researcher'],5.81,5.81
A first study on the impact of current and future control measures on the spread of COVID-19 in Germany,10.1101/2020.04.08.20056630,4/11/2020,"['Frankfurt Institute of Advanced Studies', 'Juelich Supercomputing Center', 'Heidelberg University', 'Interdisciplinary Center for Scientific Computing, Heidelberg, Germany', 'Institute of Radiation Medicine, Helmholtz Zentrum Muenchen, Neuherberg, Germany', 'Juelich Supercomputing Centre, Forschungszentrum Juelich']",4.3,4.3
Outbreak dynamics of COVID-19 in China and the United States,10.1101/2020.04.06.20055863,4/11/2020,"['Stanford University', 'Pontificia Universidad Catolica de Chile', 'Hamburg University of Technology']","12.58, 5.30",8.94
Effectiveness of quarantine measure on transmission dynamics of COVID-19 in Hong Kong,10.1101/2020.04.09.20059006,4/11/2020,"['City University of Hong Kong', 'Thomas Jefferson University Hospital']",2.32,2.32
Method for Active Pandemic Curve Management (MAPCM),10.1101/2020.04.06.20055699,4/13/2020,['Virginia Tech'],1.22,1.22
Between Geography and Demography: Key Interdependencies and Exit Mechanisms for Covid-19,10.1101/2020.04.09.20059592,4/14/2020,"['Institute of Complex Systems, CNR', 'Politecnico di Milano', 'Univ. di Pavia', 'CNR-ISC', ""Univ. di Venezia 'Ca Foscari""]",3.5,3.5
Modeling COVID-19: Forecasting and analyzing the dynamics of the outbreak in Hubei and Turkey,10.1101/2020.04.11.20061952,4/15/2020,"['Batman University', 'Michigan State University', 'University of Tennessee']",5.49,5.49
An epidemiologic profile of COVID-19 patients in Vietnam,10.1101/2020.04.10.20061226,4/15/2020,"['University of Technology, Sydney, Australia', 'Garvan Institute of Medical Research']",1.08,1.08
Household Secondary Attack Rate of COVID-19 and Associated Determinants,10.1101/2020.04.11.20056010,4/15/2020,"['Guangzhou Center for Disease Control and Prevention', 'University of Florida', 'Shandong University', 'Ohio State University', 'Beijing Institute of Microbiology and Epidemiology']",0.48,0.48
AN EPIDEMIOLOGICAL MODEL TO AID DECISION-MAKING FOR COVID-19 CONTROL IN SRI LANKA,10.1101/2020.04.11.20061481,4/16/2020,"['Faculty of Medicine, University of Kelaniya, Sri Lanka', 'Faculty of Medical Sciences, University of Sri Jayewardenepura, Sri Lanka']",3.32,3.32
Expected impact of lockdown in Ile-de-France and possible exit strategies,10.1101/2020.04.13.20063933,4/17/2020,"['INSERM, Sorbonne Universite', 'INSERM, Sorbonne Universite, Orange Experience Design Lab', 'Sorbonne Universite', 'INSERM']",3.18,3.18
Basic reproduction number of 2019 Novel Coronavirus Disease in Major Endemic Areas of China: A latent profile analysis,10.1101/2020.04.13.20060228,4/17/2020,"['School of Public Health, Anhui Medical University', 'School of Health Service Management, Anhui Medical University']","2.91, 2.00, 1.90, 2.26, 1.88, 2.31, 1.75, 2.05, 1.88, 1.74, 1.99",1.99
Estimation of airborne viral emission: quanta emission rate of SARS-CoV-2 for infection risk assessment,10.1101/2020.04.12.20062828,4/17/2020,"['Department of Civil and Mechanical Engineering, University of Cassino and Southern Lazio, Cassino, Italy', 'International Laboratory for Air Quality and Health, Queensland University of Technology, Brisbane, Australia']","3.52, 3.4",3.46
The Estimated Time-Varying Reproduction Numbers during the Ongoing Epidemic of the Coronavirus Disease 2019 (COVID-19) in China,10.1101/2020.04.11.20061838,4/17/2020,['International-Harvard Statistical Consulting Company'],"13.4958, 2.1456",7.8207
An SEIR Model for Assessment of Current COVID-19 Pandemic Situation in the UK,10.1101/2020.04.12.20062588,4/17/2020,['University of Leeds'],8.25,8.25
"Model calibration, nowcasting, and operational prediction of the COVID-19 pandemic",10.1101/2020.04.14.20065227,4/17/2020,['Blue Skies Research Ltd'],"2.4, 3.5",2.95
Epidemic Landscape and Forecasting of SARS-CoV-2 in India,10.1101/2020.04.14.20065151,4/17/2020,"['University of Dundee, UK', 'Mary Washington Hospital, Fredericksburg WV, USA', 'School of Medicine, University of Dundee', 'Health System Research India Initiative, Kerala, India', 'Health System Research India Initiative', 'School of Public Health, Boston University, MA, USA']","1.47, 1.89",1.68
Modeling COVID-19 latent prevalence to assess a public health intervention at a state and regional scale,10.1101/2020.04.14.20063420,4/18/2020,['Atrium Health'],"2.36, 1.79",2.075
Analysis of the mitigation strategies for COVID-19: from mathematical modelling perspective,10.1101/2020.04.15.20066308,4/18/2020,"['Botswana International University of Science and Technology', 'University of Limpopo']",2.91,2.91
Modeling quarantine during epidemics by mass-testing with drones,10.1101/2020.04.15.20067025,4/20/2020,"['Linkoping U', 'Joint Institute for High Temperatures', 'Linkoping University, LiU']",2.27,2.27
COVID-19 outbreak in Greece has passed its rising inflection point and stepping into its peak,10.1101/2020.04.15.20066712,4/20/2020,['University of Piraeus'],"2.89, 1.03",1.96
COVID-19 Epidemic Dynamics and Population Projections from Early Days of Case Reporting in a 40 million population from Southern India,10.1101/2020.04.17.20070292,4/21/2020,"['Society for Health Allied Research and Education (SHARE-INDIA)', 'Krashapana consultancy private limited']","1.38, 3, 2.6, 1.9",2.25
Modeling the COVID-19 epidemic in Okinawa,10.1101/2020.04.20.20071977,4/22/2020,['Okinawa Institute of Science and Technology'],2.5,2.5
"A model-based evaluation of the efficacy of COVID-19 social distancing, testing and hospital triage policies",10.1101/2020.04.20.20073213,4/23/2020,['Iowa State University'],2.76,2.76
The risk of SARS-CoV-2 transmission in the healthcare setting and potential impact of cohorting strategies,10.1101/2020.04.20.20073080,4/23/2020,"['School of Engineering at Mathematical Sciences, La Trobe University, Bundoora, VIC', 'Center for Communicable Disease Dynamics, Department of Epidemiology, T.H. Chan School of Public Health, Harvard University']","2.5, 2.25",2.375
Outbreak dynamics of COVID-19 in Europe and the effect of travel restrictions,10.1101/2020.04.18.20071035,4/23/2020,"['Stanford University', 'Pontificia Universidad Catolica de Chile']",4.62,4.62
Population modeling of early COVID-19 epidemic dynamics in French regions and estimation of the lockdown impact on infection rate,10.1101/2020.04.21.20073536,4/24/2020,"['Univ. Bordeaux - INRIA - Inserm U1219 - SISTM Team - Vaccine Research Institute', 'Univ. Bordeaux - Inria - Inserm U1219 - Vaccine Research Institute - CHU Bordeaux', 'Inria Bordeaux', 'Univ. Bordeaux - INRIA - Inserm U1219 - SISTM Team - Vaccine Research Institute - CHU Bordeaux']",2.81,2.81
COVID-19 pandemic scenario in India compared to China and rest of the world: a data driven and model analysis,10.1101/2020.04.20.20072744,4/24/2020,"['Department of Physiology, MGM Medical College, Kishanganj-855107, India', 'Laboratory of Microbiology and Experimental Medicine, Department of Zoology, University of Gour Banga, Malda-732103, India']","1.03, 3.0, 1.0, 1.34, 4.85, 7.5, 1.29, 7.43",2.17
A simulation of a COVID-19 epidemic based on a deterministic SEIR model,10.1101/2020.04.20.20072272,4/24/2020,['OGS - https://www.inogs.it/it/users/jos%C3%A9-maria-carcione'],"3, 3.24, 2.47, 3.04, 4.45, 3.70, 3.56, 11.2, 7.0",3.56
The impact of changes in diagnostic testing practices on estimates of COVID-19 transmission in the United States,10.1101/2020.04.20.20073338,4/24/2020,"['Yale School of Public Health', 'Harvard T.H. Chan School of Public Health']",3.45,3.45
Model the transmission dynamics of COVID-19 propagation with public health intervention,10.1101/2020.04.22.20075184,4/25/2020,['Debre Berhan University'],"0.5842, 3.5054",2.0448
COVID-19 Epidemic in Algeria: Assessment of the implemented preventive strategy,10.1101/2020.04.21.20074443,4/26/2020,['1. Pasteur Institute of Algeria / 2. Public Health and Epidemiology School of Pasteur-CNAM of Paris'],2.28,2.28
Taking Account of Asymptomatic Infections in Modeling the Transmission Potential of the COVID-19 Outbreak on the Diamond Princess Cruise Ship,10.1101/2020.04.22.20074286,4/26/2020,"['National Tsing Hua University, Taiwan', 'AT&T, Bedminster, NJ', 'Ohio State University', 'Washington University School of Medicine in St. Louis']","3.27, 3.78",3.525
Nowcasting and Forecasting the Spread of COVID-19 in Iran,10.1101/2020.04.22.20076281,4/27/2020,"['Shahid Sadoughi University of Medical Sciences and Health Services', 'University of the Philippines Los Banos']",3.66,3.66
A COVID-19 epidemic model integrating direct and fomite transmission as well as household structure,10.1101/2020.04.25.20079178,4/29/2020,"['University of Koblenz', 'University of Sri Jayewardenepura', 'University Koblenz', 'Technical University of Kaiserslautern']","5.4982, 19.2838",12.391
Several countries in one: a mathematical modeling analysis for COVID-19 in inner Brazil,10.1101/2020.04.23.20077438,4/29/2020,"['Faculdade de Medicina de Botucatu', 'University of Campinas, IMECC', 'Institute of Biosciences Botucatu']",2.76,2.76
COVID-19 data analysis and modeling in Palestine,10.1101/2020.04.24.20078279,4/29/2020,"['BIMS Laboratory, LR16IPT09, Institut Pasteur de Tunis, University of Tunis El Manar, Tunisia']",1.54,1.54
Unraveling the Myths of R0 in Controlling the Dynamics of COVID-19 Outbreak: a Modelling Perspective,10.1101/2020.04.25.20079319,4/29/2020,['Universiti Sains Malaysia'],"2.7586, 2.7577",2.75815
A path out of COVID-19 quarantine: an analysis of policy scenarios,10.1101/2020.04.23.20077503,4/29/2020,"['University of Guelph', 'Sanofi (Canada)', 'Founder:covid-testing.com', 'Sanofi']","2.38, 2.1, 2.11, 3.07",2.245
An age-structured epidemiological model of the Belgian COVID-19 epidemic,10.1101/2020.04.23.20077115,4/29/2020,['Emweb bv'],"1.7, 4.1, 0.8",1.7
A new design of an adaptive model of infectious diseases based on artificial intelligence approach: monitoring and forecasting of COVID-19 epidemic cases,10.1101/2020.04.23.20077677,4/29/2020,"['Tissemsilt University Center', 'Blida University', 'University of Technology Troyes']",1.341,1.341
Bayesian Inference of COVID-19 Spreading Rates in South Africa,10.1101/2020.04.28.20083873,4/30/2020,"['University of Witwatersrand', 'University of Johannesburg']","3.522, 0.691, 1.301",1.301
A HEURISTIC MODEL FOR SPREAD OF COVID-19 INFECTION CASES IN INDIA,10.1101/2020.04.25.20079483,4/30/2020,['IIT Delhi'],1.75,1.75
Solvable delay model for epidemic spreading: the case of Covid-19 in Italy,10.1101/2020.04.26.20080523,4/30/2020,['University of Padova'],2.65,2.65
Accounting for super-spreading gives the basic reproduction number R0 of COVID-19 that is higher than initially estimated,10.1101/2020.04.26.20080788,5/1/2020,"['Institute of Fundamental Technological Research', 'Faculty of Mathematics, Informatics and Mechanics, University of Warsaw']","2.4, 8.05, 5.65",5.65
Modeling serological testing to inform relaxation of social distancing for COVID-19 control,10.1101/2020.04.24.20078576,5/1/2020,"['Emory University', 'Georgia Institute of Technology']",3.1,3.1
A first study on the impact of containment measure on COVID-19 spread in Morocco,10.1101/2020.04.26.20080770,5/1/2020,"['Cadi Ayyad University', 'USMBA University']",2.9949,2.9949
"Reduced COVID-19-Related Critical Illness and Death, and High Risk of Epidemic Resurgence, After Physical Distancing in Ontario, Canada",10.1101/2020.04.29.20084475,5/2/2020,"['University of Toronto', 'University of Guelph', 'Matrix Factory bvba']",2.97,2.97
"Act early, save lives: managing COVID-19 in Greece",10.1101/2020.04.29.20084798,5/2/2020,"['University of Peloponnese', '5th Pulmonary Department, Sotiria Chest Diseases Hospital, Athens, Greece', 'Faculty of Social and Political Sciences, University of Peloponnese, Corinth, Greece. & Health Policy Institute, Athens, Greece']",2.6,2.6
"Modeling and Dynamics in Epidemiology, COVID19 withLockdown and Isolation Effect : Application to Moroccan Case",10.1101/2020.04.29.20084871,5/2/2020,['Ibn Tofail University'],1.243,1.243
Better Strategies for Containing COVID-19 Epidemics --- A Study of 25 Countries via an Extended Varying Coefficient SEIR Model,10.1101/2020.04.27.20081232,5/3/2020,"['Center for Statistical Science, Peking University', 'School of Mathematical Sciences, Sichuan University', 'Yuanpei College, Peking University', 'Center for Data Science, Peking University', 'Guanghua School of Management, Peking University', 'Iowa State Univeristy', 'Peking University']","4.78, 5.56, 6.26, 3.68, 2.48, 4.83, 5.21, 4.57, 4.46, 3.64, 3.62, 6.02, 8.62, 5.54, 5.93, 6.25, 4.95, 5.65, 4.83, 4.10, 6.74, 6.75, 7.03, 6.43, 7.03",5.54
"Full-spectrum dynamics of the coronavirus disease outbreak in Wuhan, China: a modeling study of 32,583 laboratory-confirmed cases",10.1101/2020.04.27.20078436,5/4/2020,"['Huazhong University of Science and Technology', 'Harvard School of Public Health']",3.54,3.54
A novel deterministic forecast model for COVID-19 epidemic based on a single ordinary integro-differential equation,10.1101/2020.04.29.20084376,5/5/2020,"['Goethe-Universtitaet Frankfurt, Germany', 'Universitaet Leipzig, Germany', 'IBF - Consiglio Nazionale Delle Ricerche, Genova, Italy']","3.4, 3.2, 3.6, 3.4, 4.1, 4.7, 2.8, 3.0, 2.3, 2.9, 3.4, 3.9, 3.2, 2.8",3.3
"Mathematical model describing CoViD-19 in Sao Paulo State, Brazil - Evaluating isolation as control mechanism and forecasting epidemiological scenarios of release",10.1101/2020.04.29.20084830,5/5/2020,"['UNICAMP - Institute of Mathematics, Statistics and Scientific Computation', 'State University of Campinas', 'Hospital das Clínicas da Faculdade de Medicina da Universidade de São Paulo', 'Hospital das Clínicas da Faculdade de Medicina da Universidade Estadual de São Paulo']",6.828,6.828
Monitoring social distancing and SARS-CoV-2 transmission in Brazil using cell phone mobility data,10.1101/2020.04.30.20082172,5/5/2020,"['National Immunization Program, Department of Immunization and Communicable Diseases, Secretariat of Health Surveillance, Ministry of Health, Brazil', 'National Immunization Program, Department of Immunization and Communicable Diseases, Secretariat of Health Surveillance, Ministry of Health, Brazil.', 'University of Brasilia, Brazil', 'Panamerican Health Organization, Brazil', 'Secretariat of Health Surveillance, Ministry of Health, Brazil.', 'InLoco company', 'Inloco company', 'Division of Infectious Diseases and Geographic Medicine, Stanford University School of Medicine, USA.', 'University of Oxford', 'Arbor Research Collaborative for Health, USA.', 'Universidade de Brasilia', 'Universidade de Sao Paulo', 'University of Sao Paulo', 'Oswaldo Cruz Foundation']",2.27,2.27
The impact of long-term non-pharmaceutical interventions on COVID-19 epidemic dynamics and control,10.1101/2020.05.03.20089078,5/6/2020,['Stanford University'],2.88,2.88
The reproduction number of COVID-19 and its correlation with public health interventions,10.1101/2020.05.01.20088047,5/6/2020,['Stanford University'],4.22,4.22
The importance of the timing of quarantine measures before symptom onset to prevent COVID-19 outbreaks - illustrated by Hong Kong's intervention model,10.1101/2020.05.03.20089482,5/6/2020,"['City University of Hong Kong', 'Thomas Jefferson University Hospital', 'London School of Hygiene and Tropical Medicine']",2.32,2.32
"Risk of secondary infection waves of COVID-19 in an insular region: the case of the Balearic Islands, Spain",10.1101/2020.05.03.20089623,5/8/2020,"['IFISC (CSIC-UIB)', 'IFSIC (CSIC-UIB)', 'ISI Foundation', 'Infectious Disease Department, Hospital Clinic de Barcelona', 'EAWAG']",3.84,3.84
"Search for the trend of COVID-19 infection following Farr's law, IDEA model and power law.",10.1101/2020.05.04.20090233,5/8/2020,"['BARASAT GOVERNMENT COLLEGE', 'Department of Physics, APC College, New Barrakpur, Kolkata-700131, W.B, India.', 'Department of Physics, Raniganj Girls College, Raniganj-713358, W.B., India']","2.16, 1.85, 1.89, 3.25, 2.4, 2.77, 3.51, 6.67",2.585
The First Wave of COVID-19 in Israel - Initial Analysis of Publicly Available Data,10.1101/2020.05.05.20091645,5/8/2020,['Ben-Gurion University of the Negev'],"1.26, 1.33",1.295
Real-time tracking and forecasting of the of COVID-19 outbreak in Kuwait: a mathematical modeling study,10.1101/2020.05.03.20089771,5/8/2020,"['Department of Mathematics, Faculty of Sciences, Kuwait University, Kuwait', 'Department of Medical Laboratory Sciences, Faculty of Allied Health Sciences, Health Sciences Center (HSC), Kuwait University, Kuwait', 'Department of Environmental Health, Harvard T.H. Chan School of Public Health, Harvard University, Boston, MA, United States of America', 'Dasman Diabetes Institute (DDI), Kuwait', 'Department of Surgery, Faculty of Medicine, Health Sciences Center (HSC), Kuwait University, Kuwait', 'Department of ENT & Head and Neck Surgery, Jaber Al-Ahmad Hospital, Ministry of Health, Kuwait']",1.43,1.43
A sub-national analysis of the rate of transmission of COVID-19 in Italy,10.1101/2020.05.05.20089359,5/9/2020,"['Imperial College London', 'University of Oxford', 'Dept Inf Dis Epi, Imperial College']",3.4,3.4
Mobility trends provide a leading indicator of changes in SARS-CoV-2 transmission,10.1101/2020.05.07.20094441,5/11/2020,"['Apple', 'University of California Berkeley', 'University of California, Berkeley']","3.9, 2.7, 3.4, 5.9, 3.5, 5.2, 3.1, 3.2",3.45
Predicted success of prophylactic antiviral therapy to block or delay SARS-CoV-2 infection depends on the targeted mechanism,10.1101/2020.05.07.20092965,5/12/2020,"['Sorbonne Université', 'Université de Paris, INSERM', 'Los Alamos National Laboratory', 'Collège de France']",7.69,7.69
Significant Relaxation of SARS-CoV-2-Targeted Non-Pharmaceutical Interventions Will Result in Profound Mortality: A New York State Modelling Study,10.1101/2020.05.08.20095505,5/12/2020,['Columbia University'],5.7,5.7
Expected impact of reopening schools after lockdown on COVID-19 epidemic in Ile-de-France,10.1101/2020.05.08.20095521,5/12/2020,"['INSERM, Sorbonne Universite', 'INSERM']",3,3
Forecasting Transmission Dynamics of COVID-19 Epidemic in India under Various Containment Measures- A Time-Dependent State-Space SIR Approach,10.1101/2020.05.08.20095877,5/13/2020,"['Ramjas College, University of Delhi', 'Ramjas College, University of delhi', 'Department of Statistics, University of Delhi']","7.1, 7.05, 7.14, 6.57, 4.46, 4.38, 4.42, 3.46, 7.01, 4.16, 6.76, 4.11, 6.83, 4.18, 7.24, 4.82, 7.17, 4.57",5.695
COVID-19 peak estimation and effect of nationwide lockdown in India,10.1101/2020.05.09.20095919,5/13/2020,"['Karunya Institute of Technology and Sciences', 'Wroclaw University of Science and Technology']",3.3,3.3
Relaxing lockdown measures in epidemic outbreaks using selective socio-economic containment with uncertainty,10.1101/2020.05.12.20099721,5/16/2020,"['University of Verona', 'University of Ferrara', 'University of Pavia']","6.487, 6.5525, 6.2710, 9.2150, 5.6010, 7.7155",6.51975
FORECASTING COVID-19 PANDEMIC: A DATA-DRIVEN ANALYSIS,10.1101/2020.05.12.20099192,5/17/2020,['Bangladesh University of Engineering and Technology'],"4.234, 5.3467, 5.218, 4.649",4.9335
"Transmission dynamics of the COVID-19 epidemic in India, and evaluating the impact of asymptomatic carriers and role of expanded testing in the lockdown exit strategy: a modelling approach",10.1101/2020.05.13.20096826,5/18/2020,"['All India Institute of Medical Sciences (AIIMS), New Delhi, India', 'Indian Institute of Science Education and Research (IISER), Pune, India', 'Super Specialty Cancer Institute & Hospital, Lucknow, India', 'All India Institute of Medical Sciences (AIIMS), Bhubaneswar, India', 'Cleveland Clinic, Ohio, USA']",2.083,2.083
Progression of COVID-19 in Indian States - Forecasting Endpoints Using SIR and Logistic Growth Models,10.1101/2020.05.15.20103028,5/18/2020,"['Kamala Nehru College, Delhi University', 'Delhi Technological University']","1.21, 1.2, 1.2, 1.13",1.2
Spread of the Novel Coronavirus (SARS-CoV-2): Modeling and Simulation of Control Strategies,10.1101/2020.05.11.20098418,5/18/2020,"['Arizona State University, Tempe']",2.719,2.719
COVID-19 outbreak in Italy: estimation of reproduction numbers over two months toward the Phase 2,10.1101/2020.05.12.20076794,5/18/2020,"['independent researcher', 'Universita del Piemonte Orientale A. Avogadro Dipartimento di Medicina Traslazionale Anestesia e Rianimazione', 'Neurophysiology Unit , IRCCS-Neurological Institute Carlo Besta']","3.25, 2.73, 3.27, 3.4, 3.49, 3.61, 3.62, 3.68, 3.88, 3.09, 2.52, 3.19, 3.34, 3.00, 3.35, 3.46, 3.21, 2.44, 3.43, 3.73, 3.22",3.34
Monitoring and predicting SARS-CoV-2 epidemic in France after deconfinement using a multiscale age-stratified rate model,10.1101/2020.05.15.20099465,5/19/2020,"['Ecole Normale Superieure', 'ENS']",2.5,2.5
COVID-19 Epidemic Forecast in Different States of India using SIR Model,10.1101/2020.05.14.20101725,5/19/2020,"['Central University of Punjab', 'Himachal Pradesh University']","1.15, 1.11, 1.58, 3.1, 1.19, 1.72, 1.68, 1.77, 1.96, 1.12, 1.28, 2.44, 1.41, 1.09, 7.92, 2.55, 1.74, 1.86, 1.87, 1.03, 3.44, 3.23, 1.23",1.72
Agent-Based Simulation for Evaluation of Contact-Tracing Policies Against the Spread of SARS-CoV-2,10.1101/2020.05.12.20098970,5/19/2020,"['TU Wien', 'dwh GmbH']",4.5,4.5
Differential Effects of Intervention Timing on COVID-19 Spread in the United States,10.1101/2020.05.15.20103655,5/20/2020,['Columbia University'],"2.82, 2.42, 2.88, 2.75, 3.18, 2.62",2.785
Modes of transmission of COVID-19 outbreak- a mathematical study,10.1101/2020.05.16.20104315,5/20/2020,"['Vivekananda College, Thakurpukur']",3.1794,3.1794
A simple criterion to design optimal nonpharmaceutical interventions for epidemic outbreaks,10.1101/2020.05.19.20107268,5/21/2020,"['CONACyT - Institute of Mathematics, UNAM.', 'Department of Automatic Control, CINVESTAV-IPN', 'Universidad Nacional Autonoma de Mexico', 'Institute of Engineering, UNAM.']",2.2,2.2
Exploring the spread dynamics of COVID-19 inMorocco,10.1101/2020.05.18.20106013,5/22/2020,['University of Sidi Mohamed Ben Abdellah'],"2.05, 2.5",2.275
Full genome viral sequences inform patterns of SARS-CoV-2 spread into and within Israel,10.1101/2020.05.21.20104521,5/22/2020,"['TelAviv University', 'Emory University', 'Tel Aviv University', 'Assuta Ashdod University-Affiliated Hospital', 'Sheba Medical Center', 'Hadassah Hebrew University Medical Center', 'The Baruch Padeh Medical Center', 'Soroka Medical Center and the Faculty of Health Sciences, Ben-Gurion University of the Negev', 'Barzilai University Medical Center', 'Holon Institute of Technology', 'The Gertner Institute for Epidemiology and, Health Policy Research, Chaim Sheba Medical Center', 'Tel-Aviv University']","2, 2, 2, 2, 2, 2.4, 2.6",2
"Evaluating epidemiological scenarios of isolation and further releases considering protection actions to control transmission of CoViD-19 in Sao Paulo State, Brazil.",10.1101/2020.05.19.20099309,5/22/2020,"['Institute of Mathematics, Statistics and Scientific Computation - UNICAMP', 'State University of Campinas', 'Hospital das Clínicas da Faculdade de Medicina da Universidade de São Paulo', 'Hospital das Clínicas da Faculdade de Medicina da Universidade Estadual de São Paulo']","9.24, 6.99, 5.09, 3.22, 2.66, 2.38",4.155
A pandemic at the Tunisian scale. Mathematical modelling of reported and unreported COVID-19 infected cases,10.1101/2020.05.21.20108621,5/23/2020,"['BIMS Laboratory, LR16IPT09, Institut Pasteur de Tunis, University of Tunis El Manar, Tunisia']",2.73,2.73
Epidemiological monitoring and control perspectives: application of a parsimonious modelling framework to the COVID-19 dynamics in France,10.1101/2020.05.22.20110593,5/24/2020,"['MIVEGEC (Univ. Montpellier, CNRS 5290, IRD 224)']",2.99,2.99
Bayesian modeling of COVID-19 cases with a correction to account for under-reported cases,10.1101/2020.05.24.20112029,5/25/2020,"['UFMT', 'Universidade Federal de Mato Grosso', 'Universidade Federal de Maring']",3.6243,3.6243
"Evaluating the burden of COVID-19 on hospital resources in Bahia, Brazil: A modelling-based analysis of 14.8 million individuals",10.1101/2020.05.25.20105213,5/26/2020,"['Center of Data and Knowledge Integration for Health, Instituto Goncalo Moniz, Fundacao Oswaldo Cruz', 'Instituto de Fisica, Universidade Federal da Bahia, Salvador, Bahia, Brazi', 'enter of Data and Knowledge Integration for Health (CIDACS), Instituto Goncalo Moniz, Fundacao Oswaldo Cruz, Salvador, Bahia, Brazil', 'Fundacao Oswaldo Cruz, Porto Velho, Rondonia, Brazil', 'College of Engineering, Swansea University, Swansea, Wales, United Kingdom', 'Instituto de Matematica e Estatistica, Universidade Federal da Bahia, Salvador, Bahia, Brazil', 'Center of Data and Knowledge Integration for Health (CIDACS), Instituto Goncalo Moniz, Fundacao Oswaldo Cruz, Salvador, Bahia, Brazil', 'Oden Institute for Computational Engineering and Sciences, The University of Texas at Austin, Austin, Texas, United States of America', '']","2.7, 2.9, 2.3",2.7
